condition,label,model,dataset,fraction,seed,epochs,batch_size,lr,learnable_cortical,dict_path,eval_ood,ood_root,ood_severity,test_acc,n_params,device,seconds,ood_brightness,ood_contrast,ood_defocus_blur,ood_elastic_transform,ood_fog,ood_frost,ood_gaussian_blur,ood_gaussian_noise,ood_glass_blur,ood_impulse_noise,ood_jpeg_compression,ood_motion_blur,ood_pixelate,ood_saturate,ood_shot_noise,ood_snow,ood_spatter,ood_speckle_noise,ood_zoom_blur,ood_mean
A,David (small),small,cifar10,0.05,42,25,128,0.001,False,,True,/kaggle/input/datasets/harshadakhatu/cifar-10-c/CIFAR-10-C,3,0.4973,10218,cuda,42.9,0.4701,0.2884,0.4684,0.4581,0.382,0.361,0.4537,0.4583,0.468,0.4468,0.4916,0.4504,0.4883,0.4843,0.4742,0.4655,0.4703,0.4827,0.4482,0.4479
A,David (small),small,cifar10,0.05,43,25,128,0.001,False,,True,/kaggle/input/datasets/harshadakhatu/cifar-10-c/CIFAR-10-C,3,0.4911,10218,cuda,42.9,0.4553,0.3086,0.4637,0.4546,0.3751,0.3639,0.4539,0.4736,0.4687,0.4635,0.4877,0.4393,0.4825,0.4851,0.477,0.4541,0.469,0.4818,0.4439,0.4474
A,David (small),small,cifar10,0.05,44,25,128,0.001,False,,True,/kaggle/input/datasets/harshadakhatu/cifar-10-c/CIFAR-10-C,3,0.4806,10218,cuda,44.0,0.4524,0.2569,0.4522,0.4384,0.3639,0.3482,0.4396,0.4632,0.4587,0.4527,0.4761,0.4327,0.4705,0.4779,0.4684,0.4439,0.4658,0.4691,0.4313,0.4348
A,David (small),small,cifar10,1.0,42,25,128,0.001,False,,True,/kaggle/input/datasets/harshadakhatu/cifar-10-c/CIFAR-10-C,3,0.7077,10218,cuda,202.4,0.6813,0.4005,0.6173,0.5972,0.5449,0.5317,0.5612,0.468,0.5489,0.4756,0.6612,0.5439,0.6436,0.6925,0.5243,0.5838,0.5923,0.558,0.5587,0.5676
A,David (small),small,cifar10,1.0,43,25,128,0.001,False,,True,/kaggle/input/datasets/harshadakhatu/cifar-10-c/CIFAR-10-C,3,0.7079,10218,cuda,200.6,0.6814,0.4087,0.6402,0.6161,0.539,0.5472,0.5973,0.5224,0.5901,0.5394,0.6737,0.5668,0.6831,0.6982,0.5701,0.6037,0.6084,0.5939,0.5929,0.5933
A,David (small),small,cifar10,1.0,44,25,128,0.001,False,,True,/kaggle/input/datasets/harshadakhatu/cifar-10-c/CIFAR-10-C,3,0.703,10218,cuda,201.8,0.6708,0.4115,0.6243,0.6011,0.5501,0.4975,0.5854,0.5355,0.5907,0.561,0.6672,0.5529,0.6423,0.6928,0.5816,0.5985,0.6296,0.5946,0.5729,0.5874
Ap,A' control tamaño,small+dumb,cifar10,0.05,42,25,128,0.001,True,,True,/kaggle/input/datasets/harshadakhatu/cifar-10-c/CIFAR-10-C,3,0.4901,28842,cuda,47.1,0.4628,0.4083,0.4867,0.4684,0.4289,0.3556,0.4859,0.4848,0.4738,0.4835,0.4854,0.4711,0.4894,0.4828,0.487,0.4605,0.4706,0.4897,0.477,0.4659
Ap,A' control tamaño,small+dumb,cifar10,0.05,43,25,128,0.001,True,,True,/kaggle/input/datasets/harshadakhatu/cifar-10-c/CIFAR-10-C,3,0.4716,28842,cuda,46.5,0.4507,0.3967,0.4667,0.4545,0.4209,0.3783,0.4636,0.4673,0.4656,0.4667,0.4713,0.4626,0.4705,0.4635,0.4718,0.4364,0.4605,0.469,0.4589,0.4524
Ap,A' control tamaño,small+dumb,cifar10,0.05,44,25,128,0.001,True,,True,/kaggle/input/datasets/harshadakhatu/cifar-10-c/CIFAR-10-C,3,0.4739,28842,cuda,45.9,0.4418,0.3808,0.4687,0.4517,0.4036,0.363,0.4649,0.4716,0.4638,0.4729,0.4753,0.448,0.4722,0.4711,0.4739,0.4378,0.456,0.4731,0.4531,0.4496
Ap,A' control tamaño,small+dumb,cifar10,1.0,42,25,128,0.001,True,,True,/kaggle/input/datasets/harshadakhatu/cifar-10-c/CIFAR-10-C,3,0.7176,28842,cuda,208.0,0.7007,0.4502,0.6474,0.6187,0.5914,0.586,0.5951,0.5917,0.5839,0.5683,0.6789,0.52,0.6794,0.7055,0.6252,0.6049,0.6063,0.6392,0.5971,0.61
Ap,A' control tamaño,small+dumb,cifar10,1.0,43,25,128,0.001,True,,True,/kaggle/input/datasets/harshadakhatu/cifar-10-c/CIFAR-10-C,3,0.7306,28842,cuda,208.0,0.7026,0.4754,0.6539,0.6215,0.6011,0.5782,0.5942,0.5886,0.5855,0.5605,0.6898,0.5194,0.704,0.7259,0.6263,0.6133,0.6083,0.646,0.5829,0.6146
Ap,A' control tamaño,small+dumb,cifar10,1.0,44,25,128,0.001,True,,True,/kaggle/input/datasets/harshadakhatu/cifar-10-c/CIFAR-10-C,3,0.7289,28842,cuda,222.6,0.7081,0.5037,0.6734,0.6495,0.6355,0.59,0.6344,0.6323,0.6124,0.6051,0.696,0.5878,0.7006,0.7175,0.6637,0.6422,0.6305,0.6812,0.6267,0.6416
App,A'' lesión estructura,small+lesion,cifar10,0.05,42,25,128,0.001,True,,True,/kaggle/input/datasets/harshadakhatu/cifar-10-c/CIFAR-10-C,3,0.4956,28842,cuda,49.3,0.4728,0.36,0.4874,0.4706,0.4182,0.3438,0.4836,0.4906,0.4791,0.491,0.4913,0.4694,0.4936,0.4935,0.4919,0.4614,0.4816,0.4945,0.4742,0.4657
App,A'' lesión estructura,small+lesion,cifar10,0.05,43,25,128,0.001,True,,True,/kaggle/input/datasets/harshadakhatu/cifar-10-c/CIFAR-10-C,3,0.4586,28842,cuda,48.6,0.4457,0.3417,0.4492,0.4443,0.3799,0.3754,0.4447,0.4569,0.4453,0.4546,0.4548,0.4526,0.4562,0.4533,0.4561,0.4258,0.4443,0.457,0.4336,0.4353
App,A'' lesión estructura,small+lesion,cifar10,0.05,44,25,128,0.001,True,,True,/kaggle/input/datasets/harshadakhatu/cifar-10-c/CIFAR-10-C,3,0.4844,28842,cuda,49.7,0.4532,0.3287,0.4698,0.452,0.4063,0.3686,0.4653,0.4836,0.4692,0.4849,0.4806,0.4472,0.4792,0.48,0.4848,0.4466,0.4613,0.4838,0.4584,0.4528
App,A'' lesión estructura,small+lesion,cifar10,1.0,42,25,128,0.001,True,,True,/kaggle/input/datasets/harshadakhatu/cifar-10-c/CIFAR-10-C,3,0.732,28842,cuda,232.6,0.7122,0.448,0.6796,0.6469,0.602,0.5963,0.6418,0.6138,0.6281,0.5866,0.6988,0.5884,0.6952,0.726,0.651,0.6369,0.6257,0.6692,0.6334,0.6358
App,A'' lesión estructura,small+lesion,cifar10,1.0,43,25,128,0.001,True,,True,/kaggle/input/datasets/harshadakhatu/cifar-10-c/CIFAR-10-C,3,0.7294,28842,cuda,229.7,0.7066,0.4394,0.6671,0.636,0.587,0.5895,0.6164,0.6439,0.6325,0.6144,0.7013,0.5466,0.71,0.7111,0.6727,0.6484,0.638,0.6886,0.6008,0.6342
App,A'' lesión estructura,small+lesion,cifar10,1.0,44,25,128,0.001,True,,True,/kaggle/input/datasets/harshadakhatu/cifar-10-c/CIFAR-10-C,3,0.7331,28842,cuda,220.8,0.7185,0.4714,0.6781,0.6521,0.624,0.6106,0.6384,0.6531,0.6433,0.6226,0.7145,0.564,0.7053,0.7207,0.6787,0.6504,0.6436,0.6899,0.618,0.6472
Bf,David+cortical FIJO,small+cortical,cifar10,0.05,42,25,128,0.001,False,,True,/kaggle/input/datasets/harshadakhatu/cifar-10-c/CIFAR-10-C,3,0.4747,19434,cuda,53.4,0.4736,0.3707,0.4599,0.4474,0.4072,0.4164,0.4512,0.4386,0.4583,0.4321,0.4731,0.4466,0.4752,0.473,0.4514,0.4584,0.4457,0.454,0.4418,0.446
Bf,David+cortical FIJO,small+cortical,cifar10,0.05,43,25,128,0.001,False,,True,/kaggle/input/datasets/harshadakhatu/cifar-10-c/CIFAR-10-C,3,0.4525,19434,cuda,53.3,0.4289,0.3539,0.4289,0.4164,0.3824,0.3711,0.4182,0.4294,0.4308,0.4204,0.45,0.4241,0.4425,0.4508,0.433,0.4245,0.4364,0.44,0.4031,0.4203
Bf,David+cortical FIJO,small+cortical,cifar10,0.05,44,25,128,0.001,False,,True,/kaggle/input/datasets/harshadakhatu/cifar-10-c/CIFAR-10-C,3,0.4585,19434,cuda,53.1,0.4246,0.3061,0.436,0.4255,0.3675,0.3335,0.4276,0.4386,0.4455,0.4295,0.4528,0.4202,0.4507,0.4581,0.4477,0.4249,0.4455,0.451,0.4158,0.4211
Bf,David+cortical FIJO,small+cortical,cifar10,1.0,42,25,128,0.001,False,,True,/kaggle/input/datasets/harshadakhatu/cifar-10-c/CIFAR-10-C,3,0.678,19434,cuda,255.6,0.6626,0.4405,0.623,0.588,0.5572,0.5605,0.5763,0.5476,0.5564,0.5128,0.6501,0.5206,0.6473,0.6652,0.5675,0.589,0.5779,0.588,0.5589,0.5784
Bf,David+cortical FIJO,small+cortical,cifar10,1.0,43,25,128,0.001,False,,True,/kaggle/input/datasets/harshadakhatu/cifar-10-c/CIFAR-10-C,3,0.6997,19434,cuda,255.5,0.6568,0.4404,0.5967,0.5786,0.5519,0.5332,0.5403,0.557,0.5563,0.5229,0.6598,0.4948,0.6565,0.687,0.5861,0.6034,0.5979,0.6069,0.5318,0.5768
Bf,David+cortical FIJO,small+cortical,cifar10,1.0,44,25,128,0.001,False,,True,/kaggle/input/datasets/harshadakhatu/cifar-10-c/CIFAR-10-C,3,0.6724,19434,cuda,258.6,0.6398,0.4369,0.6012,0.587,0.5493,0.4825,0.5589,0.5497,0.5646,0.5256,0.6361,0.521,0.5937,0.6669,0.5803,0.5778,0.5884,0.5991,0.5604,0.5694
Bp,David+cortical PRETRAINED,small+cortical,cifar10,0.05,42,25,128,0.001,False,/kaggle/working/dict_cifar10_64.pt,True,/kaggle/input/datasets/harshadakhatu/cifar-10-c/CIFAR-10-C,3,0.4852,19434,cuda,54.8,0.4652,0.3026,0.454,0.4389,0.3783,0.3442,0.4382,0.4621,0.4592,0.45,0.4804,0.4338,0.4795,0.477,0.4652,0.4531,0.4631,0.4772,0.4282,0.4395
Bp,David+cortical PRETRAINED,small+cortical,cifar10,0.05,43,25,128,0.001,False,/kaggle/working/dict_cifar10_64.pt,True,/kaggle/input/datasets/harshadakhatu/cifar-10-c/CIFAR-10-C,3,0.4615,19434,cuda,53.7,0.431,0.2817,0.4187,0.4063,0.3542,0.3343,0.3996,0.4552,0.4352,0.4448,0.4542,0.4182,0.4553,0.4541,0.4562,0.4194,0.4471,0.4577,0.3879,0.4164
Bp,David+cortical PRETRAINED,small+cortical,cifar10,0.05,44,25,128,0.001,False,/kaggle/working/dict_cifar10_64.pt,True,/kaggle/input/datasets/harshadakhatu/cifar-10-c/CIFAR-10-C,3,0.4854,19434,cuda,54.9,0.4595,0.2969,0.4489,0.4361,0.3744,0.335,0.4386,0.45,0.4581,0.4402,0.4783,0.4367,0.4794,0.4762,0.4592,0.4437,0.4562,0.4712,0.4243,0.4349
Bp,David+cortical PRETRAINED,small+cortical,cifar10,1.0,42,25,128,0.001,False,/kaggle/working/dict_cifar10_64.pt,True,/kaggle/input/datasets/harshadakhatu/cifar-10-c/CIFAR-10-C,3,0.6902,19434,cuda,255.1,0.6645,0.3702,0.6357,0.6044,0.5345,0.5235,0.5955,0.5557,0.5506,0.5138,0.6589,0.5631,0.6031,0.68,0.589,0.5788,0.5729,0.6116,0.584,0.5784
Bp,David+cortical PRETRAINED,small+cortical,cifar10,1.0,43,25,128,0.001,False,/kaggle/working/dict_cifar10_64.pt,True,/kaggle/input/datasets/harshadakhatu/cifar-10-c/CIFAR-10-C,3,0.6798,19434,cuda,254.2,0.6457,0.369,0.5923,0.5614,0.5163,0.4895,0.5348,0.5587,0.5635,0.5214,0.6613,0.4842,0.6562,0.6722,0.5998,0.5927,0.5957,0.6218,0.5305,0.5667
Bp,David+cortical PRETRAINED,small+cortical,cifar10,1.0,44,25,128,0.001,False,/kaggle/working/dict_cifar10_64.pt,True,/kaggle/input/datasets/harshadakhatu/cifar-10-c/CIFAR-10-C,3,0.6757,19434,cuda,248.2,0.6492,0.3741,0.6059,0.5745,0.5244,0.5096,0.5617,0.5783,0.5704,0.5452,0.6528,0.5291,0.6176,0.6723,0.611,0.5892,0.6008,0.6255,0.5457,0.5756
B,David+cortical,small+cortical,cifar10,0.05,42,25,128,0.001,True,,True,/kaggle/input/datasets/harshadakhatu/cifar-10-c/CIFAR-10-C,3,0.5052,28842,cuda,72.4,0.4648,0.3886,0.47,0.4466,0.4445,0.3865,0.4551,0.4816,0.4745,0.4799,0.4948,0.445,0.4905,0.4935,0.4834,0.4589,0.4751,0.4949,0.4429,0.4616
B,David+cortical,small+cortical,cifar10,0.05,43,25,128,0.001,True,,True,/kaggle/input/datasets/harshadakhatu/cifar-10-c/CIFAR-10-C,3,0.4972,28842,cuda,72.5,0.483,0.4024,0.4689,0.4589,0.4587,0.3939,0.4579,0.4354,0.4576,0.4138,0.4892,0.4324,0.4902,0.4895,0.4497,0.46,0.4594,0.4511,0.4483,0.4526
B,David+cortical,small+cortical,cifar10,0.05,44,25,128,0.001,True,,True,/kaggle/input/datasets/harshadakhatu/cifar-10-c/CIFAR-10-C,3,0.4913,28842,cuda,71.9,0.4629,0.3684,0.4757,0.4613,0.4329,0.3973,0.4675,0.4763,0.4734,0.474,0.4893,0.4525,0.4849,0.4922,0.482,0.4514,0.4683,0.486,0.4584,0.4608
B,David+cortical,small+cortical,cifar10,1.0,42,25,128,0.001,True,,True,/kaggle/input/datasets/harshadakhatu/cifar-10-c/CIFAR-10-C,3,0.7072,28842,cuda,617.6,0.6933,0.5843,0.6256,0.5957,0.6415,0.5168,0.5636,0.4308,0.4778,0.4236,0.6236,0.5363,0.6026,0.7027,0.4799,0.5288,0.5422,0.5172,0.5405,0.5593
B,David+cortical,small+cortical,cifar10,1.0,43,25,128,0.001,True,,True,/kaggle/input/datasets/harshadakhatu/cifar-10-c/CIFAR-10-C,3,0.7265,28842,cuda,617.8,0.7004,0.6072,0.6383,0.6118,0.6848,0.5048,0.5751,0.4703,0.4634,0.4626,0.6474,0.5094,0.5806,0.7167,0.5214,0.5775,0.5853,0.5615,0.5649,0.5781
B,David+cortical,small+cortical,cifar10,1.0,44,25,128,0.001,True,,True,/kaggle/input/datasets/harshadakhatu/cifar-10-c/CIFAR-10-C,3,0.7252,28842,cuda,626.5,0.7104,0.6292,0.6374,0.6146,0.6877,0.5489,0.5755,0.5357,0.5383,0.5245,0.6668,0.5303,0.6137,0.7144,0.5729,0.6033,0.6176,0.6103,0.5497,0.6043
C,Goliat (large),large,cifar10,0.05,42,25,128,0.001,False,,True,/kaggle/input/datasets/harshadakhatu/cifar-10-c/CIFAR-10-C,3,0.4976,620362,cuda,48.9,0.4899,0.3512,0.4674,0.4578,0.4125,0.3893,0.4574,0.477,0.4734,0.4711,0.4918,0.4539,0.4897,0.4828,0.4853,0.4728,0.4817,0.4885,0.4561,0.4605
C,Goliat (large),large,cifar10,0.05,43,25,128,0.001,False,,True,/kaggle/input/datasets/harshadakhatu/cifar-10-c/CIFAR-10-C,3,0.5033,620362,cuda,48.0,0.4747,0.3313,0.482,0.4662,0.3942,0.3741,0.4731,0.4802,0.4824,0.4725,0.4997,0.4618,0.4979,0.4878,0.489,0.4635,0.4833,0.4921,0.4603,0.4614
C,Goliat (large),large,cifar10,0.05,44,25,128,0.001,False,,True,/kaggle/input/datasets/harshadakhatu/cifar-10-c/CIFAR-10-C,3,0.5134,620362,cuda,48.1,0.4857,0.3232,0.4897,0.4709,0.409,0.3932,0.473,0.4457,0.4883,0.4232,0.507,0.4542,0.5075,0.4979,0.4661,0.4586,0.473,0.479,0.4632,0.4583
C,Goliat (large),large,cifar10,1.0,42,25,128,0.001,False,,True,/kaggle/input/datasets/harshadakhatu/cifar-10-c/CIFAR-10-C,3,0.7626,620362,cuda,215.8,0.7388,0.5111,0.7007,0.6708,0.6377,0.6192,0.6517,0.6151,0.654,0.607,0.731,0.5957,0.7293,0.7519,0.6558,0.6412,0.6454,0.6822,0.6521,0.6574
C,Goliat (large),large,cifar10,1.0,43,25,128,0.001,False,,True,/kaggle/input/datasets/harshadakhatu/cifar-10-c/CIFAR-10-C,3,0.7604,620362,cuda,216.4,0.7347,0.5222,0.6919,0.671,0.652,0.6266,0.6403,0.6237,0.6723,0.6075,0.7357,0.5943,0.7352,0.7345,0.6587,0.6575,0.6568,0.6792,0.6336,0.6594
C,Goliat (large),large,cifar10,1.0,44,25,128,0.001,False,,True,/kaggle/input/datasets/harshadakhatu/cifar-10-c/CIFAR-10-C,3,0.7672,620362,cuda,214.5,0.7435,0.5057,0.6881,0.6587,0.6417,0.6353,0.634,0.564,0.6673,0.5654,0.7415,0.584,0.7452,0.7498,0.6172,0.6626,0.6575,0.6465,0.6205,0.6489
D,Goliat+cortical,large+cortical,cifar10,0.05,42,25,128,0.001,True,,True,/kaggle/input/datasets/harshadakhatu/cifar-10-c/CIFAR-10-C,3,0.4779,648202,cuda,78.1,0.4599,0.3742,0.4607,0.4405,0.4128,0.3835,0.4506,0.4573,0.4555,0.4574,0.4735,0.4368,0.4749,0.4727,0.4673,0.4343,0.4453,0.4708,0.4389,0.4456
D,Goliat+cortical,large+cortical,cifar10,0.05,43,25,128,0.001,True,,True,/kaggle/input/datasets/harshadakhatu/cifar-10-c/CIFAR-10-C,3,0.4333,648202,cuda,77.9,0.428,0.3542,0.432,0.4206,0.3889,0.356,0.4308,0.4244,0.4281,0.4222,0.4304,0.4171,0.4345,0.4312,0.4257,0.4192,0.4173,0.4283,0.4262,0.4166
D,Goliat+cortical,large+cortical,cifar10,0.05,44,25,128,0.001,True,,True,/kaggle/input/datasets/harshadakhatu/cifar-10-c/CIFAR-10-C,3,0.4996,648202,cuda,78.1,0.4706,0.4058,0.4955,0.4761,0.4445,0.3693,0.4919,0.4775,0.4928,0.4767,0.4993,0.4722,0.4991,0.4964,0.4852,0.4524,0.4648,0.4933,0.4826,0.4708
D,Goliat+cortical,large+cortical,cifar10,1.0,42,25,128,0.001,True,,True,/kaggle/input/datasets/harshadakhatu/cifar-10-c/CIFAR-10-C,3,0.7527,648202,cuda,673.6,0.7246,0.6275,0.6735,0.6405,0.684,0.5891,0.6111,0.5907,0.5631,0.5837,0.7029,0.5352,0.6938,0.744,0.6252,0.6093,0.6427,0.6495,0.5995,0.6363
D,Goliat+cortical,large+cortical,cifar10,1.0,43,25,128,0.001,True,,True,/kaggle/input/datasets/harshadakhatu/cifar-10-c/CIFAR-10-C,3,0.7463,648202,cuda,671.6,0.7179,0.6329,0.6906,0.6609,0.6946,0.5669,0.6427,0.5259,0.4906,0.5103,0.7012,0.5742,0.7148,0.7461,0.5833,0.5913,0.618,0.6123,0.6171,0.6259
D,Goliat+cortical,large+cortical,cifar10,1.0,44,25,128,0.001,True,,True,/kaggle/input/datasets/harshadakhatu/cifar-10-c/CIFAR-10-C,3,0.7587,648202,cuda,672.3,0.7404,0.6508,0.6918,0.656,0.7102,0.6106,0.6388,0.5772,0.5576,0.5637,0.714,0.5709,0.7044,0.7489,0.6189,0.6339,0.641,0.6435,0.6163,0.6468
